Title,Author,Date
[BOX ] Sixers 104:111 Knicks 數據,Rambo,4/21
[花邊] 阿肥賽前穿搭,yowhatsupsli,4/21
[情報] WOJ:一切跡象都表示可愛G1不上場,sezna,4/21
[情報] 尼克優異的進攻籃板數,rr8907010,4/21
Re: [討論] 小沙484數據很猛場上很鳥的類型??,kokubo52,4/21
[公告] NBA 樂透開獎,[彩券],4/21
[情報] 阿肥莫瑞都0失誤 金塊對湖人五連勝,Skyblueway,4/21
[BOX ] Lakers 103:114 Nuggets 數據,Rambo,4/21
[討論] KCP當初在湖人怎麼會被嫌爆,nO25948,4/21
[新聞] NBA／第三節爆發向偶像KD怒吼 愛德華：人,access4096,4/21
[情報] Dlo生涯對戰金塊五場季後賽數據整理,windown,4/21
[情報] Reggie Jackson對湖人15連勝,EZ78,4/21
[公告] NBA 板 開始舉辦樂透!,ZIDENS,4/21
[討論] 讀秒階段落後到底應該拿兩分還是三分,WeiBirdFan,4/21
[花邊] Ham：不會在G1就把對阿肥的調整方式用完,Wojnarowski,4/21
(本文已被刪除) [blackheart33],-,4/21
[花邊] 阿肥在神偷奶爸4預告:他們說我像Gru~~,pneumo,4/21
[花邊] Murray季後賽得分比例行賽高7.5,windown,4/21
[公告] 板規10.1,EZ78,11/29
[公告] 季後賽條款,EZ78,4/08
[情報] 2023-24 NBA Playoffs 季後賽 對戰圖,MrSatan,4/18
[情報] NBA 2023-24 Playoffs Schedule,guardyo,4/20
[公告] NBA 板 開始舉辦樂透!,ZIDENS,4/21
